StockCode,Date,Quantity
20725,2010-12-01,78
20725,2010-12-02,11
20725,2010-12-03,93
20725,2010-12-05,36
20725,2010-12-06,34
20725,2010-12-07,33
20725,2010-12-08,117
20725,2010-12-09,34
20725,2010-12-10,47
20725,2010-12-12,18
20725,2010-12-13,24
20725,2010-12-14,36
20725,2010-12-15,59
20725,2010-12-16,51
20725,2010-12-17,15
20725,2010-12-19,2
20725,2010-12-20,12
20725,2010-12-21,21
20725,2010-12-22,10
20725,2010-12-23,1
20725,2011-01-04,20
20725,2011-01-05,100
20725,2011-01-06,294
20725,2011-01-07,25
20725,2011-01-09,23
20725,2011-01-10,30
20725,2011-01-11,21
20725,2011-01-12,4
20725,2011-01-13,134
20725,2011-01-14,341
20725,2011-01-16,112
20725,2011-01-17,6
20725,2011-01-18,5
20725,2011-01-19,102
20725,2011-01-20,15
20725,2011-01-24,33
20725,2011-01-25,38
20725,2011-01-26,38
20725,2011-01-27,42
20725,2011-01-28,20
20725,2011-01-31,185
20725,2011-02-01,129
20725,2011-02-02,35
20725,2011-02-03,16
20725,2011-02-04,52
20725,2011-02-07,22
20725,2011-02-08,24
20725,2011-02-09,140
20725,2011-02-10,14
20725,2011-02-11,42
20725,2011-02-13,13
20725,2011-02-14,46
20725,2011-02-15,21
20725,2011-02-16,60
20725,2011-02-17,53
20725,2011-02-18,107
20725,2011-02-20,4
20725,2011-02-21,111
20725,2011-02-22,25
20725,2011-02-23,23
20725,2011-02-24,31
20725,2011-02-25,177
20725,2011-02-27,2
20725,2011-02-28,11
20725,2011-03-01,102
20725,2011-03-02,10
20725,2011-03-03,26
20725,2011-03-04,20
20725,2011-03-06,6
20725,2011-03-07,1
20725,2011-03-08,65
20725,2011-03-09,21
20725,2011-03-10,36
20725,2011-03-11,25
20725,2011-03-14,152
20725,2011-03-15,13
20725,2011-03-16,4
20725,2011-03-17,42
20725,2011-03-18,14
20725,2011-03-20,53
20725,2011-03-21,75
20725,2011-03-22,43
20725,2011-03-23,21
20725,2011-03-24,35
20725,2011-03-25,205
20725,2011-03-28,76
20725,2011-03-29,206
20725,2011-03-30,157
20725,2011-03-31,97
20725,2011-04-01,40
20725,2011-04-03,11
20725,2011-04-04,42
20725,2011-04-05,2
20725,2011-04-06,84
20725,2011-04-07,17
20725,2011-04-08,80
20725,2011-04-10,22
20725,2011-04-11,94
20725,2011-04-12,61
20725,2011-04-13,34
20725,2011-04-14,40
20725,2011-04-15,73
20725,2011-04-17,3
20725,2011-04-18,143
20725,2011-04-19,36
20725,2011-04-20,85
20725,2011-04-21,104
20725,2011-04-26,62
20725,2011-04-27,69
20725,2011-04-28,23
20725,2011-05-01,10
20725,2011-05-03,75
20725,2011-05-04,1
20725,2011-05-05,38
20725,2011-05-06,140
20725,2011-05-08,35
20725,2011-05-09,113
20725,2011-05-10,73
20725,2011-05-11,160
20725,2011-05-12,432
20725,2011-05-13,91
20725,2011-05-15,16
20725,2011-05-16,108
20725,2011-05-17,59
20725,2011-05-18,22
20725,2011-05-19,83
20725,2011-05-20,120
20725,2011-05-22,53
20725,2011-05-23,64
20725,2011-05-24,66
20725,2011-05-25,107
20725,2011-05-26,263
20725,2011-05-27,176
20725,2011-05-29,8
20725,2011-05-31,42
20725,2011-06-01,11
20725,2011-06-02,26
20725,2011-06-03,41
20725,2011-06-05,64
20725,2011-06-06,20
20725,2011-06-07,195
20725,2011-06-08,236
20725,2011-06-09,54
20725,2011-06-10,55
20725,2011-06-12,25
20725,2011-06-13,11
20725,2011-06-14,25
20725,2011-06-15,168
20725,2011-06-16,47
20725,2011-06-17,84
20725,2011-06-19,113
20725,2011-06-20,27
20725,2011-06-21,65
20725,2011-06-22,22
20725,2011-06-23,50
20725,2011-06-24,41
20725,2011-06-26,33
20725,2011-06-27,25
20725,2011-06-28,139
20725,2011-06-29,3
20725,2011-06-30,58
20725,2011-07-01,32
20725,2011-07-03,46
20725,2011-07-04,194
20725,2011-07-05,27
20725,2011-07-06,39
20725,2011-07-07,10
20725,2011-07-08,158
20725,2011-07-10,12
20725,2011-07-11,45
20725,2011-07-12,40
20725,2011-07-13,38
20725,2011-07-14,43
20725,2011-07-15,12
20725,2011-07-17,53
20725,2011-07-18,63
20725,2011-07-19,286
20725,2011-07-20,25
20725,2011-07-21,30
20725,2011-07-22,68
20725,2011-07-24,124
20725,2011-07-25,42
20725,2011-07-26,59
20725,2011-07-27,70
20725,2011-07-28,141
20725,2011-07-29,49
20725,2011-07-31,24
20725,2011-08-01,54
20725,2011-08-02,259
20725,2011-08-03,34
20725,2011-08-04,246
20725,2011-08-05,6
20725,2011-08-07,4
20725,2011-08-08,157
20725,2011-08-09,91
20725,2011-08-10,175
20725,2011-08-11,218
20725,2011-08-12,71
20725,2011-08-14,13
20725,2011-08-15,40
20725,2011-08-16,120
20725,2011-08-17,122
20725,2011-08-18,95
20725,2011-08-19,30
20725,2011-08-21,26
20725,2011-08-22,55
20725,2011-08-23,127
20725,2011-08-24,40
20725,2011-08-25,80
20725,2011-08-26,20
20725,2011-08-28,19
20725,2011-08-30,21
20725,2011-08-31,31
20725,2011-09-01,55
20725,2011-09-02,57
20725,2011-09-04,38
20725,2011-09-05,209
20725,2011-09-06,66
20725,2011-09-07,160
20725,2011-09-08,10
20725,2011-09-09,57
20725,2011-09-11,22
20725,2011-09-12,42
20725,2011-09-13,51
20725,2011-09-14,122
20725,2011-09-15,87
20725,2011-09-16,25
20725,2011-09-18,2
20725,2011-09-19,301
20725,2011-09-20,37
20725,2011-09-21,15
20725,2011-09-22,53
20725,2011-09-23,46
20725,2011-09-25,40
20725,2011-09-26,3
20725,2011-09-27,57
20725,2011-09-28,89
20725,2011-09-29,105
20725,2011-09-30,64
20725,2011-10-03,41
20725,2011-10-04,79
20725,2011-10-05,90
20725,2011-10-06,60
20725,2011-10-07,50
20725,2011-10-09,2
20725,2011-10-10,36
20725,2011-10-11,114
20725,2011-10-12,52
20725,2011-10-13,75
20725,2011-10-14,160
20725,2011-10-16,6
20725,2011-10-17,22
20725,2011-10-18,65
20725,2011-10-19,26
20725,2011-10-20,110
20725,2011-10-21,39
20725,2011-10-23,14
20725,2011-10-24,8
20725,2011-10-25,37
20725,2011-10-26,52
20725,2011-10-27,45
20725,2011-10-28,94
20725,2011-10-30,78
20725,2011-10-31,10
20725,2011-11-01,6
20725,2011-11-02,117
20725,2011-11-03,30
20725,2011-11-04,38
20725,2011-11-06,122
20725,2011-11-07,130
20725,2011-11-08,61
20725,2011-11-09,161
20725,2011-11-10,93
20725,2011-11-11,88
20725,2011-11-13,23
20725,2011-11-14,155
20725,2011-11-15,232
20725,2011-11-16,66
20725,2011-11-17,71
20725,2011-11-18,77
20725,2011-11-20,49
20725,2011-11-21,37
20725,2011-11-22,47
20725,2011-11-23,37
20725,2011-11-24,44
20725,2011-11-25,93
20725,2011-11-27,18
20725,2011-11-28,58
20725,2011-11-29,49
20725,2011-11-30,91
20725,2011-12-01,51
20725,2011-12-02,72
20725,2011-12-04,10
20725,2011-12-05,50
20725,2011-12-06,85
20725,2011-12-07,35
20725,2011-12-08,52
20725,2011-12-09,42
22423,2010-12-01,115
22423,2010-12-02,184
22423,2010-12-03,231
22423,2010-12-05,92
22423,2010-12-06,156
22423,2010-12-07,129
22423,2010-12-08,64
22423,2010-12-09,87
22423,2010-12-10,362
22423,2010-12-12,53
22423,2010-12-13,35
22423,2010-12-14,74
22423,2010-12-15,150
22423,2010-12-16,63
22423,2010-12-17,104
22423,2010-12-19,16
22423,2010-12-20,84
22423,2010-12-21,83
22423,2010-12-22,1
22423,2010-12-23,10
22423,2011-01-04,26
22423,2011-01-05,21
22423,2011-01-06,85
22423,2011-01-07,87
22423,2011-01-09,32
22423,2011-01-10,53
22423,2011-01-11,57
22423,2011-01-12,33
22423,2011-01-13,68
22423,2011-01-14,187
22423,2011-01-16,9
22423,2011-01-17,26
22423,2011-01-18,27
22423,2011-01-19,1
22423,2011-01-20,15
22423,2011-01-21,35
22423,2011-01-23,35
22423,2011-01-24,57
22423,2011-01-25,81
22423,2011-01-26,18
22423,2011-01-27,57
22423,2011-01-28,15
22423,2011-01-30,3
22423,2011-01-31,8
22423,2011-02-01,17
22423,2011-02-02,32
22423,2011-02-03,65
22423,2011-02-04,25
22423,2011-02-06,3
22423,2011-02-07,11
22423,2011-02-08,16
22423,2011-02-09,5
22423,2011-02-10,34
22423,2011-02-11,54
22423,2011-02-13,19
22423,2011-02-14,90
22423,2011-02-15,150
22423,2011-02-16,43
22423,2011-02-17,52
22423,2011-02-18,12
22423,2011-02-20,53
22423,2011-02-21,74
22423,2011-02-22,26
22423,2011-02-23,34
22423,2011-02-24,40
22423,2011-02-25,26
22423,2011-02-27,4
22423,2011-02-28,16
22423,2011-03-01,10
22423,2011-03-02,221
22423,2011-03-03,72
22423,2011-03-04,11
22423,2011-03-06,19
22423,2011-03-07,36
22423,2011-03-08,40
22423,2011-03-09,51
22423,2011-03-10,14
22423,2011-03-11,49
22423,2011-03-14,38
22423,2011-03-15,22
22423,2011-03-16,59
22423,2011-03-17,64
22423,2011-03-18,76
22423,2011-03-20,49
22423,2011-03-21,43
22423,2011-03-22,59
22423,2011-03-23,83
22423,2011-03-24,28
22423,2011-03-25,57
22423,2011-03-27,59
22423,2011-03-28,30
22423,2011-03-29,60
22423,2011-03-30,78
22423,2011-03-31,125
22423,2011-04-01,25
22423,2011-04-03,16
22423,2011-04-04,60
22423,2011-04-05,22
22423,2011-04-06,59
22423,2011-04-07,99
22423,2011-04-08,13
22423,2011-04-10,29
22423,2011-04-11,57
22423,2011-04-12,45
22423,2011-04-13,130
22423,2011-04-14,95
22423,2011-04-15,32
22423,2011-04-17,7
22423,2011-04-18,28
22423,2011-04-19,31
22423,2011-04-20,89
22423,2011-04-21,38
22423,2011-04-26,41
22423,2011-04-27,234
22423,2011-04-28,45
22423,2011-05-01,5
22423,2011-05-03,34
22423,2011-05-04,11
22423,2011-05-05,67
22423,2011-05-06,40
22423,2011-05-08,19
22423,2011-05-09,19
22423,2011-05-10,34
22423,2011-05-11,58
22423,2011-05-12,177
22423,2011-05-13,76
22423,2011-05-15,2
22423,2011-05-16,51
22423,2011-05-17,60
22423,2011-05-18,16
22423,2011-05-19,112
22423,2011-05-20,56
22423,2011-05-22,12
22423,2011-05-23,13
22423,2011-05-24,18
22423,2011-05-25,32
22423,2011-05-26,38
22423,2011-05-27,65
22423,2011-05-29,3
22423,2011-05-31,44
22423,2011-06-01,16
22423,2011-06-02,56
22423,2011-06-03,134
22423,2011-06-05,13
22423,2011-06-06,16
22423,2011-06-07,11
22423,2011-06-08,57
22423,2011-06-09,50
22423,2011-06-10,69
22423,2011-06-12,5
22423,2011-06-13,11
22423,2011-06-14,21
22423,2011-06-15,46
22423,2011-06-16,19
22423,2011-06-17,71
22423,2011-06-19,6
22423,2011-06-20,4
22423,2011-06-21,54
22423,2011-06-22,12
22423,2011-06-23,32
22423,2011-06-24,21
22423,2011-06-26,20
22423,2011-06-27,4
22423,2011-06-28,19
22423,2011-06-29,4
22423,2011-06-30,13
22423,2011-07-01,23
22423,2011-07-03,22
22423,2011-07-04,20
22423,2011-07-05,33
22423,2011-07-06,24
22423,2011-07-07,31
22423,2011-07-08,23
22423,2011-07-11,14
22423,2011-07-12,43
22423,2011-07-13,4
22423,2011-07-14,211
22423,2011-07-15,9
22423,2011-07-17,11
22423,2011-07-18,20
22423,2011-07-19,59
22423,2011-07-20,27
22423,2011-07-21,96
22423,2011-07-22,86
22423,2011-07-24,53
22423,2011-07-25,19
22423,2011-07-26,16
22423,2011-07-27,6
22423,2011-07-28,263
22423,2011-07-29,20
22423,2011-07-31,18
22423,2011-08-01,19
22423,2011-08-02,12
22423,2011-08-03,28
22423,2011-08-04,80
22423,2011-08-05,20
22423,2011-08-07,21
22423,2011-08-08,59
22423,2011-08-09,22
22423,2011-08-10,37
22423,2011-08-11,42
22423,2011-08-12,18
22423,2011-08-15,35
22423,2011-08-16,13
22423,2011-08-17,36
22423,2011-08-18,109
22423,2011-08-19,7
22423,2011-08-21,10
22423,2011-08-22,119
22423,2011-08-23,24
22423,2011-08-24,38
22423,2011-08-25,33
22423,2011-08-26,28
22423,2011-08-30,12
22423,2011-08-31,21
22423,2011-09-01,66
22423,2011-09-02,42
22423,2011-09-04,6
22423,2011-09-05,18
22423,2011-09-06,24
22423,2011-09-07,12
22423,2011-09-08,24
22423,2011-09-09,8
22423,2011-09-11,64
22423,2011-09-12,56
22423,2011-09-13,58
22423,2011-09-14,21
22423,2011-09-15,65
22423,2011-09-16,13
22423,2011-09-18,6
22423,2011-09-19,23
22423,2011-09-20,19
22423,2011-09-21,19
22423,2011-09-22,48
22423,2011-09-23,16
22423,2011-09-25,22
22423,2011-09-26,15
22423,2011-09-27,47
22423,2011-09-28,14
22423,2011-09-29,60
22423,2011-09-30,8
22423,2011-10-02,5
22423,2011-10-03,26
22423,2011-10-04,47
22423,2011-10-05,228
22423,2011-10-06,75
22423,2011-10-07,13
22423,2011-10-09,20
22423,2011-10-10,22
22423,2011-10-11,26
22423,2011-10-12,38
22423,2011-10-13,57
22423,2011-10-14,49
22423,2011-10-16,22
22423,2011-10-17,50
22423,2011-10-18,28
22423,2011-10-19,46
22423,2011-10-20,109
22423,2011-10-21,29
22423,2011-10-23,6
22423,2011-10-24,5
22423,2011-10-25,13
22423,2011-10-26,18
22423,2011-10-27,28
22423,2011-10-28,52
22423,2011-10-30,19
22423,2011-10-31,52
22423,2011-11-01,21
22423,2011-11-02,5
22423,2011-11-03,65
22423,2011-11-04,111
22423,2011-11-06,25
22423,2011-11-07,35
22423,2011-11-08,11
22423,2011-11-09,16
22423,2011-11-10,46
22423,2011-11-11,32
22423,2011-11-13,29
22423,2011-11-14,8
22423,2011-11-15,45
22423,2011-11-16,15
22423,2011-11-17,49
22423,2011-11-18,110
22423,2011-11-20,8
22423,2011-11-21,50
22423,2011-11-22,29
22423,2011-11-23,47
22423,2011-11-24,82
22423,2011-11-25,23
22423,2011-11-27,30
22423,2011-11-28,34
22423,2011-11-29,93
22423,2011-11-30,35
22423,2011-12-01,34
22423,2011-12-02,20
22423,2011-12-04,20
22423,2011-12-05,36
22423,2011-12-06,160
22423,2011-12-07,130
22423,2011-12-08,32
22423,2011-12-09,18
47566,2010-12-03,11
47566,2010-12-05,8
47566,2010-12-06,17
47566,2010-12-07,4
47566,2010-12-08,59
47566,2010-12-09,63
47566,2010-12-10,2
47566,2010-12-12,20
47566,2010-12-13,7
47566,2010-12-14,10
47566,2010-12-16,5
47566,2010-12-17,2
47566,2010-12-19,5
47566,2010-12-20,13
47566,2010-12-21,8
47566,2010-12-22,3
47566,2011-01-04,66
47566,2011-01-05,50
47566,2011-01-06,18
47566,2011-01-07,11
47566,2011-01-10,20
47566,2011-01-11,16
47566,2011-01-12,23
47566,2011-01-13,12
47566,2011-01-14,14
47566,2011-01-17,24
47566,2011-01-18,8
47566,2011-01-19,5
47566,2011-01-20,7
47566,2011-01-21,12
47566,2011-01-23,13
47566,2011-01-24,17
47566,2011-01-25,71
47566,2011-01-26,5
47566,2011-01-27,20
47566,2011-01-28,53
47566,2011-01-30,5
47566,2011-01-31,16
47566,2011-02-01,113
47566,2011-02-02,11
47566,2011-02-03,15
47566,2011-02-04,58
47566,2011-02-06,19
47566,2011-02-07,21
47566,2011-02-08,11
47566,2011-02-09,105
47566,2011-02-10,37
47566,2011-02-11,114
47566,2011-02-13,4
47566,2011-02-14,13
47566,2011-02-15,6
47566,2011-02-16,143
47566,2011-02-17,12
47566,2011-02-18,10
47566,2011-02-20,5
47566,2011-02-22,16
47566,2011-02-23,70
47566,2011-02-24,25
47566,2011-02-25,19
47566,2011-02-27,27
47566,2011-02-28,71
47566,2011-03-01,30
47566,2011-03-02,76
47566,2011-03-03,54
47566,2011-03-04,15
47566,2011-03-06,9
47566,2011-03-07,42
47566,2011-03-08,21
47566,2011-03-09,23
47566,2011-03-10,23
47566,2011-03-11,94
47566,2011-03-13,2
47566,2011-03-14,93
47566,2011-03-15,21
47566,2011-03-16,95
47566,2011-03-17,161
47566,2011-03-18,90
47566,2011-03-20,146
47566,2011-03-21,28
47566,2011-03-22,89
47566,2011-03-23,123
47566,2011-03-24,17
47566,2011-03-25,32
47566,2011-03-27,36
47566,2011-03-28,34
47566,2011-03-29,172
47566,2011-03-30,129
47566,2011-03-31,11
47566,2011-04-01,17
47566,2011-04-03,13
47566,2011-04-04,43
47566,2011-04-05,31
47566,2011-04-06,60
47566,2011-04-07,124
47566,2011-04-08,171
47566,2011-04-10,31
47566,2011-04-11,127
47566,2011-04-12,123
47566,2011-04-13,30
47566,2011-04-14,157
47566,2011-04-15,85
47566,2011-04-17,20
47566,2011-04-18,91
47566,2011-04-19,103
47566,2011-04-20,247
47566,2011-04-21,207
47566,2011-04-26,127
47566,2011-04-27,107
47566,2011-04-28,23
47566,2011-05-01,19
47566,2011-05-03,279
47566,2011-05-04,217
47566,2011-05-05,155
47566,2011-05-06,132
47566,2011-05-08,201
47566,2011-05-09,146
47566,2011-05-10,338
47566,2011-05-11,61
47566,2011-05-12,158
47566,2011-05-13,45
47566,2011-05-15,8
47566,2011-05-16,138
47566,2011-05-17,199
47566,2011-05-18,74
47566,2011-05-19,85
47566,2011-05-20,181
47566,2011-05-22,77
47566,2011-05-23,178
47566,2011-05-24,100
47566,2011-05-25,185
47566,2011-05-26,56
47566,2011-05-27,312
47566,2011-05-29,8
47566,2011-05-31,209
47566,2011-06-01,133
47566,2011-06-02,23
47566,2011-06-03,19
47566,2011-06-05,50
47566,2011-06-06,32
47566,2011-06-07,47
47566,2011-06-08,386
47566,2011-06-09,77
47566,2011-06-10,101
47566,2011-06-12,20
47566,2011-06-13,29
47566,2011-06-14,143
47566,2011-06-15,98
47566,2011-06-16,34
47566,2011-06-17,127
47566,2011-06-19,76
47566,2011-06-20,321
47566,2011-06-21,98
47566,2011-06-22,39
47566,2011-06-23,51
47566,2011-06-24,89
47566,2011-06-27,16
47566,2011-06-28,103
47566,2011-06-29,36
47566,2011-06-30,73
47566,2011-07-01,24
47566,2011-07-03,24
47566,2011-07-04,66
47566,2011-07-05,259
47566,2011-07-06,31
47566,2011-07-07,294
47566,2011-07-08,249
47566,2011-07-10,2
47566,2011-07-11,134
47566,2011-07-12,38
47566,2011-07-13,30
47566,2011-07-14,58
47566,2011-07-15,77
47566,2011-07-17,17
47566,2011-07-18,87
47566,2011-07-19,323
47566,2011-07-20,250
47566,2011-07-21,136
47566,2011-07-22,111
47566,2011-07-24,28
47566,2011-07-25,32
47566,2011-07-26,118
47566,2011-07-27,181
47566,2011-07-28,106
47566,2011-07-29,57
47566,2011-07-31,26
47566,2011-08-01,25
47566,2011-08-02,94
47566,2011-08-03,53
47566,2011-08-04,221
47566,2011-08-05,23
47566,2011-08-07,15
47566,2011-08-08,57
47566,2011-08-09,50
47566,2011-08-10,134
47566,2011-08-11,80
47566,2011-08-12,9
47566,2011-08-15,16
47566,2011-08-16,70
47566,2011-08-17,115
47566,2011-08-18,112
47566,2011-08-19,46
47566,2011-08-21,43
47566,2011-08-22,28
47566,2011-08-23,119
47566,2011-08-24,137
47566,2011-08-25,124
47566,2011-08-26,54
47566,2011-08-28,9
47566,2011-08-30,60
47566,2011-08-31,1
47566,2011-09-01,64
47566,2011-09-02,43
47566,2011-09-04,39
47566,2011-09-05,110
47566,2011-09-06,91
47566,2011-09-07,13
47566,2011-09-08,8
47566,2011-09-09,51
47566,2011-09-11,27
47566,2011-09-12,19
47566,2011-09-13,89
47566,2011-09-14,25
47566,2011-09-15,164
47566,2011-09-16,22
47566,2011-09-18,15
47566,2011-09-19,7
47566,2011-09-20,25
47566,2011-09-21,17
47566,2011-09-22,53
47566,2011-09-23,26
47566,2011-09-25,30
47566,2011-09-26,11
47566,2011-09-27,48
47566,2011-09-28,78
47566,2011-09-29,32
47566,2011-09-30,30
47566,2011-10-02,10
47566,2011-10-03,29
47566,2011-10-04,37
47566,2011-10-05,35
47566,2011-10-06,18
47566,2011-10-07,64
47566,2011-10-10,2
47566,2011-10-11,28
47566,2011-10-12,16
47566,2011-10-13,29
47566,2011-10-14,17
47566,2011-10-16,14
47566,2011-10-17,15
47566,2011-10-18,136
47566,2011-10-19,10
47566,2011-10-20,24
47566,2011-10-21,26
47566,2011-10-24,2
47566,2011-10-25,27
47566,2011-10-26,7
47566,2011-10-27,28
47566,2011-10-28,9
47566,2011-10-30,5
47566,2011-10-31,32
47566,2011-11-01,5
47566,2011-11-02,8
47566,2011-11-03,4
47566,2011-11-04,39
47566,2011-11-06,14
47566,2011-11-07,18
47566,2011-11-08,14
47566,2011-11-09,29
47566,2011-11-10,40
47566,2011-11-11,28
47566,2011-11-13,6
47566,2011-11-14,3
47566,2011-11-15,58
47566,2011-11-16,108
47566,2011-11-17,18
47566,2011-11-18,21
47566,2011-11-20,10
47566,2011-11-21,324
47566,2011-11-22,13
47566,2011-11-23,32
47566,2011-11-24,56
47566,2011-11-25,27
47566,2011-11-27,3
47566,2011-11-28,9
47566,2011-11-29,10
47566,2011-11-30,19
47566,2011-12-01,8
47566,2011-12-02,40
47566,2011-12-04,19
47566,2011-12-05,16
47566,2011-12-06,21
47566,2011-12-07,3
47566,2011-12-08,22
47566,2011-12-09,7
85099B,2010-12-01,556
85099B,2010-12-02,48
85099B,2010-12-03,49
85099B,2010-12-05,39
85099B,2010-12-06,157
85099B,2010-12-07,343
85099B,2010-12-08,205
85099B,2010-12-09,21
85099B,2010-12-10,125
85099B,2010-12-12,1
85099B,2010-12-13,28
85099B,2010-12-14,63
85099B,2010-12-15,80
85099B,2010-12-16,210
85099B,2010-12-17,45
85099B,2010-12-19,1
85099B,2010-12-20,47
85099B,2010-12-21,122
85099B,2010-12-23,11
85099B,2011-01-04,27
85099B,2011-01-05,436
85099B,2011-01-06,354
85099B,2011-01-07,514
85099B,2011-01-09,43
85099B,2011-01-10,57
85099B,2011-01-11,1
85099B,2011-01-12,4
85099B,2011-01-13,33
85099B,2011-01-14,120
85099B,2011-01-16,10
85099B,2011-01-17,37
85099B,2011-01-18,87
85099B,2011-01-19,242
85099B,2011-01-20,4
85099B,2011-01-21,124
85099B,2011-01-23,100
85099B,2011-01-24,56
85099B,2011-01-25,393
85099B,2011-01-26,1
85099B,2011-01-27,51
85099B,2011-01-28,1
85099B,2011-01-31,52
85099B,2011-02-01,390
85099B,2011-02-02,310
85099B,2011-02-03,126
85099B,2011-02-04,23
85099B,2011-02-06,64
85099B,2011-02-07,30
85099B,2011-02-08,139
85099B,2011-02-09,36
85099B,2011-02-11,43
85099B,2011-02-13,40
85099B,2011-02-14,426
85099B,2011-02-15,54
85099B,2011-02-16,30
85099B,2011-02-17,131
85099B,2011-02-18,314
85099B,2011-02-20,30
85099B,2011-02-21,102
85099B,2011-02-22,324
85099B,2011-02-23,48
85099B,2011-02-24,161
85099B,2011-02-25,169
85099B,2011-02-27,6
85099B,2011-02-28,84
85099B,2011-03-01,288
85099B,2011-03-02,16
85099B,2011-03-03,30
85099B,2011-03-04,181
85099B,2011-03-06,25
85099B,2011-03-07,453
85099B,2011-03-08,117
85099B,2011-03-09,26
85099B,2011-03-10,41
85099B,2011-03-11,101
85099B,2011-03-14,141
85099B,2011-03-15,45
85099B,2011-03-16,10
85099B,2011-03-17,1246
85099B,2011-03-18,33
85099B,2011-03-20,71
85099B,2011-03-21,161
85099B,2011-03-22,45
85099B,2011-03-23,337
85099B,2011-03-24,315
85099B,2011-03-25,521
85099B,2011-03-28,143
85099B,2011-03-29,563
85099B,2011-03-30,331
85099B,2011-03-31,40
85099B,2011-04-01,16
85099B,2011-04-03,10
85099B,2011-04-04,329
85099B,2011-04-05,333
85099B,2011-04-06,118
85099B,2011-04-07,43
85099B,2011-04-08,118
85099B,2011-04-10,34
85099B,2011-04-11,22
85099B,2011-04-12,120
85099B,2011-04-13,40
85099B,2011-04-14,148
85099B,2011-04-15,66
85099B,2011-04-17,220
85099B,2011-04-18,169
85099B,2011-04-19,146
85099B,2011-04-20,110
85099B,2011-04-21,124
85099B,2011-04-26,190
85099B,2011-04-27,67
85099B,2011-04-28,33
85099B,2011-05-01,95
85099B,2011-05-03,51
85099B,2011-05-04,48
85099B,2011-05-05,77
85099B,2011-05-06,94
85099B,2011-05-08,110
85099B,2011-05-09,76
85099B,2011-05-10,396
85099B,2011-05-11,154
85099B,2011-05-12,237
85099B,2011-05-13,340
85099B,2011-05-15,3
85099B,2011-05-16,133
85099B,2011-05-17,161
85099B,2011-05-18,178
85099B,2011-05-19,162
85099B,2011-05-20,273
85099B,2011-05-22,71
85099B,2011-05-23,365
85099B,2011-05-24,251
85099B,2011-05-25,255
85099B,2011-05-26,6
85099B,2011-05-27,44
85099B,2011-05-29,12
85099B,2011-05-31,29
85099B,2011-06-01,21
85099B,2011-06-02,155
85099B,2011-06-03,33
85099B,2011-06-05,35
85099B,2011-06-06,123
85099B,2011-06-07,317
85099B,2011-06-08,135
85099B,2011-06-09,88
85099B,2011-06-10,72
85099B,2011-06-12,148
85099B,2011-06-13,35
85099B,2011-06-14,234
85099B,2011-06-15,313
85099B,2011-06-16,134
85099B,2011-06-17,120
85099B,2011-06-19,123
85099B,2011-06-20,356
85099B,2011-06-21,162
85099B,2011-06-22,120
85099B,2011-06-23,142
85099B,2011-06-24,31
85099B,2011-06-26,30
85099B,2011-06-27,237
85099B,2011-06-28,222
85099B,2011-06-29,60
85099B,2011-06-30,235
85099B,2011-07-01,57
85099B,2011-07-03,4
85099B,2011-07-04,51
85099B,2011-07-05,296
85099B,2011-07-06,200
85099B,2011-07-07,376
85099B,2011-07-08,434
85099B,2011-07-10,7
85099B,2011-07-11,22
85099B,2011-07-12,31
85099B,2011-07-13,76
85099B,2011-07-14,123
85099B,2011-07-15,44
85099B,2011-07-17,135
85099B,2011-07-18,71
85099B,2011-07-19,273
85099B,2011-07-20,279
85099B,2011-07-21,45
85099B,2011-07-22,40
85099B,2011-07-24,25
85099B,2011-07-25,59
85099B,2011-07-26,148
85099B,2011-07-27,162
85099B,2011-07-28,48
85099B,2011-07-29,111
85099B,2011-07-31,12
85099B,2011-08-01,348
85099B,2011-08-02,54
85099B,2011-08-03,38
85099B,2011-08-04,453
85099B,2011-08-05,134
85099B,2011-08-07,23
85099B,2011-08-08,358
85099B,2011-08-09,263
85099B,2011-08-10,557
85099B,2011-08-11,147
85099B,2011-08-12,26
85099B,2011-08-14,22
85099B,2011-08-15,62
85099B,2011-08-16,45
85099B,2011-08-17,281
85099B,2011-08-18,390
85099B,2011-08-19,100
85099B,2011-08-21,478
85099B,2011-08-22,130
85099B,2011-08-23,151
85099B,2011-08-24,1068
85099B,2011-08-25,108
85099B,2011-08-26,50
85099B,2011-08-28,11
85099B,2011-08-30,38
85099B,2011-08-31,167
85099B,2011-09-01,301
85099B,2011-09-02,153
85099B,2011-09-04,58
85099B,2011-09-05,54
85099B,2011-09-06,84
85099B,2011-09-07,265
85099B,2011-09-08,47
85099B,2011-09-09,53
85099B,2011-09-11,53
85099B,2011-09-12,83
85099B,2011-09-13,144
85099B,2011-09-14,3
85099B,2011-09-15,167
85099B,2011-09-16,119
85099B,2011-09-18,227
85099B,2011-09-19,493
85099B,2011-09-20,150
85099B,2011-09-21,419
85099B,2011-09-22,268
85099B,2011-09-23,276
85099B,2011-09-25,61
85099B,2011-09-26,220
85099B,2011-09-27,174
85099B,2011-09-28,91
85099B,2011-09-29,372
85099B,2011-09-30,66
85099B,2011-10-02,6
85099B,2011-10-03,43
85099B,2011-10-04,77
85099B,2011-10-05,361
85099B,2011-10-06,1583
85099B,2011-10-07,623
85099B,2011-10-09,22
85099B,2011-10-10,62
85099B,2011-10-11,368
85099B,2011-10-12,78
85099B,2011-10-13,274
85099B,2011-10-14,147
85099B,2011-10-16,18
85099B,2011-10-17,409
85099B,2011-10-18,112
85099B,2011-10-19,54
85099B,2011-10-20,341
85099B,2011-10-21,122
85099B,2011-10-23,7
85099B,2011-10-24,287
85099B,2011-10-25,161
85099B,2011-10-26,48
85099B,2011-10-27,41
85099B,2011-10-28,12
85099B,2011-10-30,51
85099B,2011-10-31,105
85099B,2011-11-01,84
85099B,2011-11-02,244
85099B,2011-11-03,452
85099B,2011-11-04,58
85099B,2011-11-06,120
85099B,2011-11-07,146
85099B,2011-11-08,159
85099B,2011-11-09,725
85099B,2011-11-10,1074
85099B,2011-11-11,48
85099B,2011-11-13,48
85099B,2011-11-14,660
85099B,2011-11-15,380
85099B,2011-11-16,316
85099B,2011-11-17,97
85099B,2011-11-18,62
85099B,2011-11-20,87
85099B,2011-11-21,147
85099B,2011-11-22,132
85099B,2011-11-23,146
85099B,2011-11-24,245
85099B,2011-11-25,55
85099B,2011-11-27,28
85099B,2011-11-28,42
85099B,2011-11-29,165
85099B,2011-11-30,189
85099B,2011-12-01,149
85099B,2011-12-02,493
85099B,2011-12-04,12
85099B,2011-12-05,66
85099B,2011-12-06,175
85099B,2011-12-07,89
85099B,2011-12-08,106
85099B,2011-12-09,15
85123A,2010-12-01,454
85123A,2010-12-02,309
85123A,2010-12-03,25
85123A,2010-12-05,198
85123A,2010-12-06,161
85123A,2010-12-07,331
85123A,2010-12-08,151
85123A,2010-12-09,195
85123A,2010-12-10,165
85123A,2010-12-12,42
85123A,2010-12-13,337
85123A,2010-12-14,185
85123A,2010-12-15,112
85123A,2010-12-16,790
85123A,2010-12-17,58
85123A,2010-12-19,42
85123A,2010-12-20,85
85123A,2010-12-21,41
85123A,2010-12-22,24
85123A,2010-12-23,47
85123A,2011-01-04,67
85123A,2011-01-05,304
85123A,2011-01-06,171
85123A,2011-01-07,334
85123A,2011-01-09,97
85123A,2011-01-10,12
85123A,2011-01-11,3114
85123A,2011-01-12,83
85123A,2011-01-13,8
85123A,2011-01-14,89
85123A,2011-01-16,23
85123A,2011-01-17,220
85123A,2011-01-18,18
85123A,2011-01-19,271
85123A,2011-01-20,42
85123A,2011-01-21,63
85123A,2011-01-23,47
85123A,2011-01-24,11
85123A,2011-01-25,92
85123A,2011-01-26,183
85123A,2011-01-27,64
85123A,2011-01-28,68
85123A,2011-01-30,123
85123A,2011-01-31,29
85123A,2011-02-01,195
85123A,2011-02-02,222
85123A,2011-02-03,63
85123A,2011-02-04,42
85123A,2011-02-06,35
85123A,2011-02-07,69
85123A,2011-02-08,153
85123A,2011-02-09,14
85123A,2011-02-10,66
85123A,2011-02-11,209
85123A,2011-02-13,6
85123A,2011-02-14,66
85123A,2011-02-15,12
85123A,2011-02-16,203
85123A,2011-02-17,50
85123A,2011-02-18,6
85123A,2011-02-20,28
85123A,2011-02-21,23
85123A,2011-02-22,96
85123A,2011-02-23,116
85123A,2011-02-24,99
85123A,2011-02-25,40
85123A,2011-02-27,27
85123A,2011-02-28,37
85123A,2011-03-01,86
85123A,2011-03-02,33
85123A,2011-03-03,96
85123A,2011-03-04,27
85123A,2011-03-06,101
85123A,2011-03-07,26
85123A,2011-03-08,145
85123A,2011-03-09,98
85123A,2011-03-10,57
85123A,2011-03-11,125
85123A,2011-03-13,3
85123A,2011-03-14,19
85123A,2011-03-15,114
85123A,2011-03-16,141
85123A,2011-03-17,87
85123A,2011-03-18,56
85123A,2011-03-20,47
85123A,2011-03-21,38
85123A,2011-03-22,84
85123A,2011-03-23,83
85123A,2011-03-24,52
85123A,2011-03-25,31
85123A,2011-03-27,77
85123A,2011-03-28,44
85123A,2011-03-29,185
85123A,2011-03-30,68
85123A,2011-03-31,75
85123A,2011-04-01,133
85123A,2011-04-03,77
85123A,2011-04-04,66
85123A,2011-04-05,51
85123A,2011-04-06,65
85123A,2011-04-07,50
85123A,2011-04-08,68
85123A,2011-04-10,74
85123A,2011-04-11,45
85123A,2011-04-12,198
85123A,2011-04-13,73
85123A,2011-04-14,127
85123A,2011-04-15,8
85123A,2011-04-17,23
85123A,2011-04-18,2102
85123A,2011-04-19,110
85123A,2011-04-20,73
85123A,2011-04-21,137
85123A,2011-04-26,179
85123A,2011-04-27,73
85123A,2011-04-28,111
85123A,2011-05-01,12
85123A,2011-05-03,317
85123A,2011-05-04,85
85123A,2011-05-05,421
85123A,2011-05-06,179
85123A,2011-05-08,142
85123A,2011-05-09,216
85123A,2011-05-10,142
85123A,2011-05-11,120
85123A,2011-05-12,227
85123A,2011-05-13,25
85123A,2011-05-15,143
85123A,2011-05-16,201
85123A,2011-05-17,156
85123A,2011-05-18,73
85123A,2011-05-19,108
85123A,2011-05-20,92
85123A,2011-05-22,153
85123A,2011-05-23,113
85123A,2011-05-24,144
85123A,2011-05-25,68
85123A,2011-05-26,653
85123A,2011-05-27,22
85123A,2011-05-29,26
85123A,2011-05-31,168
85123A,2011-06-01,29
85123A,2011-06-02,353
85123A,2011-06-03,29
85123A,2011-06-05,49
85123A,2011-06-06,108
85123A,2011-06-07,56
85123A,2011-06-08,109
85123A,2011-06-09,15
85123A,2011-06-10,68
85123A,2011-06-12,33
85123A,2011-06-13,17
85123A,2011-06-14,50
85123A,2011-06-15,118
85123A,2011-06-16,42
85123A,2011-06-17,15
85123A,2011-06-19,147
85123A,2011-06-20,29
85123A,2011-06-21,13
85123A,2011-06-22,18
85123A,2011-06-23,106
85123A,2011-06-24,38
85123A,2011-06-26,32
85123A,2011-06-27,66
85123A,2011-06-28,12
85123A,2011-06-29,77
85123A,2011-06-30,46
85123A,2011-07-01,39
85123A,2011-07-03,18
85123A,2011-07-04,8
85123A,2011-07-05,134
85123A,2011-07-06,5
85123A,2011-07-07,59
85123A,2011-07-08,32
85123A,2011-07-10,20
85123A,2011-07-11,81
85123A,2011-07-12,786
85123A,2011-07-13,58
85123A,2011-07-14,224
85123A,2011-07-15,23
85123A,2011-07-17,23
85123A,2011-07-18,114
85123A,2011-07-19,157
85123A,2011-07-20,104
85123A,2011-07-21,52
85123A,2011-07-22,132
85123A,2011-07-24,160
85123A,2011-07-25,43
85123A,2011-07-26,8
85123A,2011-07-27,58
85123A,2011-07-28,490
85123A,2011-07-29,74
85123A,2011-07-31,107
85123A,2011-08-01,61
85123A,2011-08-02,32
85123A,2011-08-03,91
85123A,2011-08-04,130
85123A,2011-08-05,38
85123A,2011-08-07,89
85123A,2011-08-08,73
85123A,2011-08-09,121
85123A,2011-08-10,132
85123A,2011-08-11,60
85123A,2011-08-12,28
85123A,2011-08-14,52
85123A,2011-08-15,104
85123A,2011-08-16,87
85123A,2011-08-17,69
85123A,2011-08-18,15
85123A,2011-08-19,6
85123A,2011-08-21,15
85123A,2011-08-22,420
85123A,2011-08-23,122
85123A,2011-08-24,58
85123A,2011-08-25,106
85123A,2011-08-26,24
85123A,2011-08-28,42
85123A,2011-08-30,63
85123A,2011-08-31,37
85123A,2011-09-01,112
85123A,2011-09-02,166
85123A,2011-09-04,16
85123A,2011-09-05,95
85123A,2011-09-06,184
85123A,2011-09-07,16
85123A,2011-09-08,27
85123A,2011-09-09,29
85123A,2011-09-11,89
85123A,2011-09-12,117
85123A,2011-09-13,131
85123A,2011-09-14,85
85123A,2011-09-15,144
85123A,2011-09-16,100
85123A,2011-09-18,81
85123A,2011-09-19,42
85123A,2011-09-20,398
85123A,2011-09-21,11
85123A,2011-09-22,58
85123A,2011-09-23,127
85123A,2011-09-25,69
85123A,2011-09-26,48
85123A,2011-09-27,17
85123A,2011-09-28,125
85123A,2011-09-29,80
85123A,2011-09-30,111
85123A,2011-10-02,21
85123A,2011-10-03,23
85123A,2011-10-04,20
85123A,2011-10-05,49
85123A,2011-10-06,13
85123A,2011-10-07,34
85123A,2011-10-09,26
85123A,2011-10-10,123
85123A,2011-10-11,46
85123A,2011-10-12,25
85123A,2011-10-13,243
85123A,2011-10-14,187
85123A,2011-10-16,55
85123A,2011-10-17,69
85123A,2011-10-18,21
85123A,2011-10-19,39
85123A,2011-10-20,26
85123A,2011-10-21,13
85123A,2011-10-23,63
85123A,2011-10-24,76
85123A,2011-10-25,16
85123A,2011-10-26,17
85123A,2011-10-27,117
85123A,2011-10-28,90
85123A,2011-10-30,128
85123A,2011-10-31,149
85123A,2011-11-01,39
85123A,2011-11-02,80
85123A,2011-11-03,1265
85123A,2011-11-04,85
85123A,2011-11-06,86
85123A,2011-11-07,95
85123A,2011-11-08,97
85123A,2011-11-09,113
85123A,2011-11-10,71
85123A,2011-11-11,134
85123A,2011-11-13,65
85123A,2011-11-14,380
85123A,2011-11-15,457
85123A,2011-11-16,157
85123A,2011-11-17,102
85123A,2011-11-18,125
85123A,2011-11-20,101
85123A,2011-11-21,36
85123A,2011-11-22,253
85123A,2011-11-23,248
85123A,2011-11-24,131
85123A,2011-11-25,222
85123A,2011-11-27,8
85123A,2011-11-28,133
85123A,2011-11-29,116
85123A,2011-11-30,311
85123A,2011-12-01,41
85123A,2011-12-02,117
85123A,2011-12-04,8
85123A,2011-12-05,298
85123A,2011-12-06,39
85123A,2011-12-07,200
85123A,2011-12-08,108
85123A,2011-12-09,4
